-- --------------------------------------------------------
-- Host:                         127.0.0.1
-- Server version:               10.1.35-MariaDB - mariadb.org binary distribution
-- Server OS:                    Win32
-- HeidiSQL Version:             9.4.0.5125
-- --------------------------------------------------------

/*!40101 SET @OLD_CHARACTER_SET_CLIENT=@@CHARACTER_SET_CLIENT */;
/*!40101 SET NAMES utf8 */;
/*!50503 SET NAMES utf8mb4 */;
/*!40014 SET @OLD_FOREIGN_KEY_CHECKS=@@FOREIGN_KEY_CHECKS, FOREIGN_KEY_CHECKS=0 */;
/*!40101 SET @OLD_SQL_MODE=@@SQL_MODE, SQL_MODE='NO_AUTO_VALUE_ON_ZERO' */;


-- Dumping database structure for shop
CREATE DATABASE IF NOT EXISTS `shop` /*!40100 DEFAULT CHARACTER SET latin1 */;
USE `shop`;

-- Dumping structure for table shop.carts
CREATE TABLE IF NOT EXISTS `carts` (
  `id` int(11) NOT NULL AUTO_INCREMENT,
  `user_id` int(11) DEFAULT NULL,
  PRIMARY KEY (`id`),
  UNIQUE KEY `UNIQ_4E004AACA76ED395` (`user_id`),
  CONSTRAINT `FK_4E004AACA76ED395` FOREIGN KEY (`user_id`) REFERENCES `users` (`id`) ON DELETE CASCADE
) ENGINE=InnoDB AUTO_INCREMENT=24 DEFAULT CHARSET=utf8 COLLATE=utf8_unicode_ci;

-- Dumping data for table shop.carts: ~3 rows (approximately)
DELETE FROM `carts`;
/*!40000 ALTER TABLE `carts` DISABLE KEYS */;
INSERT INTO `carts` (`id`, `user_id`) VALUES
	(1, 1),
	(2, 2),
	(22, 22),
	(23, 23);
/*!40000 ALTER TABLE `carts` ENABLE KEYS */;

-- Dumping structure for table shop.categories
CREATE TABLE IF NOT EXISTS `categories` (
  `id` int(11) NOT NULL AUTO_INCREMENT,
  `name` varchar(255) COLLATE utf8_unicode_ci NOT NULL,
  `image` varchar(255) COLLATE utf8_unicode_ci NOT NULL,
  PRIMARY KEY (`id`),
  UNIQUE KEY `UNIQ_3AF346685E237E06` (`name`)
) ENGINE=InnoDB AUTO_INCREMENT=24 DEFAULT CHARSET=utf8 COLLATE=utf8_unicode_ci;

-- Dumping data for table shop.categories: ~11 rows (approximately)
DELETE FROM `categories`;
/*!40000 ALTER TABLE `categories` DISABLE KEYS */;
INSERT INTO `categories` (`id`, `name`, `image`) VALUES
	(1, 'Ластични харпуни', 'e5ac24ec1965c335cdcdf639856e1690.png'),
	(10, 'Пневматични харпуни', 'a1fbcff457f65043c468b7fe0bf72db0.jpeg'),
	(11, 'Маски', 'noCategoryImage'),
	(13, 'Неопрени', ''),
	(14, 'Ръкавици', ''),
	(15, 'Чорапи', ''),
	(17, 'Колани', ''),
	(18, 'Плавници', ''),
	(19, 'Буйове 2', ''),
	(20, 'ножове', ''),
	(23, 'fsgdfgdgf', '0219a756ad3e042f444a43e0a94bf628.jpeg');
/*!40000 ALTER TABLE `categories` ENABLE KEYS */;

-- Dumping structure for table shop.message
CREATE TABLE IF NOT EXISTS `message` (
  `id` int(11) NOT NULL AUTO_INCREMENT,
  `email` varchar(255) COLLATE utf8_unicode_ci NOT NULL,
  `subject` varchar(255) COLLATE utf8_unicode_ci NOT NULL,
  `phone` varchar(255) COLLATE utf8_unicode_ci NOT NULL,
  `content` longtext COLLATE utf8_unicode_ci NOT NULL,
  `date_added` datetime NOT NULL,
  `is_new` tinyint(1) NOT NULL,
  PRIMARY KEY (`id`)
) ENGINE=InnoDB AUTO_INCREMENT=17 DEFAULT CHARSET=utf8 COLLATE=utf8_unicode_ci;

-- Dumping data for table shop.message: ~6 rows (approximately)
DELETE FROM `message`;
/*!40000 ALTER TABLE `message` DISABLE KEYS */;
INSERT INTO `message` (`id`, `email`, `subject`, `phone`, `content`, `date_added`, `is_new`) VALUES
	(10, 'tatata@abv.bg', 'dfdfdfdfdfdfdf sddsd', 'sddss', 'sds', '2019-01-06 21:02:21', 0),
	(11, 'gfffgf', 'gffgfg', 'gfgffg', 'gffggf', '2019-01-06 22:20:26', 0),
	(12, 'tatata@abv.bg', 'test1', '0888777666', 'sdtrvgtrvtrvrv', '2019-01-07 09:30:07', 0),
	(13, 'tatata@abv.bg', 'test2', '454545', 'dfdfd', '2019-01-07 09:30:30', 0),
	(14, 'sddsd@abv.bg', 'dfdffd', '7777777777', 'gggg', '2019-01-09 09:15:16', 0),
	(15, 'sddsd@abv.bg', 'ьцсдцдд', '7777777777', 'wraerg', '2019-01-09 09:42:46', 0),
	(16, 'h@abbc.bg', 'dfdfd', '9999999999', 'ssddsds', '2019-01-10 11:05:11', 1);
/*!40000 ALTER TABLE `message` ENABLE KEYS */;

-- Dumping structure for table shop.migration_versions
CREATE TABLE IF NOT EXISTS `migration_versions` (
  `version` varchar(255) COLLATE utf8_unicode_ci NOT NULL,
  PRIMARY KEY (`version`)
) ENGINE=InnoDB DEFAULT CHARSET=utf8 COLLATE=utf8_unicode_ci;

-- Dumping data for table shop.migration_versions: ~14 rows (approximately)
DELETE FROM `migration_versions`;
/*!40000 ALTER TABLE `migration_versions` DISABLE KEYS */;
INSERT INTO `migration_versions` (`version`) VALUES
	('20181230221421'),
	('20181231114651'),
	('20181231153959'),
	('20190101100021'),
	('20190101101646'),
	('20190101101717'),
	('20190101103424'),
	('20190101104117'),
	('20190101121327'),
	('20190101132259'),
	('20190105093159'),
	('20190106143549'),
	('20190106145932'),
	('20190106200040'),
	('20190107185520'),
	('20190107202352'),
	('20190110082022'),
	('20190110082333'),
	('20190112163136');
/*!40000 ALTER TABLE `migration_versions` ENABLE KEYS */;

-- Dumping structure for table shop.ordered_products
CREATE TABLE IF NOT EXISTS `ordered_products` (
  `id` int(11) NOT NULL AUTO_INCREMENT,
  `cart_id` int(11) DEFAULT NULL,
  `name` varchar(255) COLLATE utf8_unicode_ci NOT NULL,
  `quantity` int(11) NOT NULL,
  `price` decimal(10,2) NOT NULL,
  `product_id` int(11) NOT NULL,
  `userOrder_id` int(11) DEFAULT NULL,
  PRIMARY KEY (`id`),
  KEY `IDX_39EA29251AD5CDBF` (`cart_id`),
  KEY `IDX_39EA292558ACF019` (`userOrder_id`),
  CONSTRAINT `FK_39EA29251AD5CDBF` FOREIGN KEY (`cart_id`) REFERENCES `carts` (`id`) ON DELETE CASCADE,
  CONSTRAINT `FK_39EA292558ACF019` FOREIGN KEY (`userOrder_id`) REFERENCES `user_orders` (`id`)
) ENGINE=InnoDB AUTO_INCREMENT=105 DEFAULT CHARSET=utf8 COLLATE=utf8_unicode_ci;

-- Dumping data for table shop.ordered_products: ~28 rows (approximately)
DELETE FROM `ordered_products`;
/*!40000 ALTER TABLE `ordered_products` DISABLE KEYS */;
INSERT INTO `ordered_products` (`id`, `cart_id`, `name`, `quantity`, `price`, `product_id`, `userOrder_id`) VALUES
	(7, 2, 'CHEROKEE OPEN', 6, 300.00, 1, 13),
	(8, 2, 'Cayman HF 2', 1, 300.00, 2, 13),
	(9, 2, 'Cayman HF 2', 1, 300.00, 2, 13),
	(10, 2, 'CHEROKEE OPEN', 1, 300.00, 1, 13),
	(11, 2, 'CHEROKEE OPEN', 1, 300.00, 1, 13),
	(12, 2, 'Cayman HF 2', 1, 300.00, 2, 13),
	(13, 2, 'CHEROKEE OPEN', 1, 300.00, 1, 13),
	(14, 2, 'CHEROKEE OPEN', 1, 300.00, 1, 13),
	(22, 2, 'CHEROKEE OPEN', 2, 300.00, 1, 18),
	(23, 2, 'Cayman HF 2', 1, 300.00, 2, 19),
	(24, 2, 'CHEROKEE OPEN', 1, 300.00, 1, 19),
	(25, 2, 'Cayman HF 2', 3, 300.00, 2, 20),
	(26, 2, 'CHEROKEE OPEN', 1, 300.00, 1, 21),
	(42, 1, 'CHEROKEE OPEN', 1, 300.00, 1, 23),
	(47, 1, 'Cayman HF 2', 1, 300.00, 2, 26),
	(57, 2, 'Cayman HF 2', 2, 300.00, 4, 27),
	(67, 2, 'Cayman HF 2', 1, 300.00, 5, 28),
	(68, 2, 'Cayman HF 2', 1, 300.00, 4, 29),
	(69, 2, 'Cayman HF 2', 1, 300.00, 4, 30),
	(70, 2, 'Cayman HF 2', 1, 300.00, 3, 31),
	(79, 2, 'CHEROKEE OPEN', 55, 300.00, 1, 32),
	(80, 2, 'rrrrrrrrrrrr', 1, 33.00, 10, 32),
	(82, 2, 'rrrrrrrrrrrr', 3, 33.00, 10, 35),
	(85, 2, 'rrrrrrrrr', 1, 44.00, 14, 35),
	(88, 2, 'ffffffff', 1, 11.00, 15, 36),
	(89, 2, 'Epsealon латексов "стреч" марсилски колан', 1, 40.00, 48, 37),
	(90, 2, 'Best Hunter камуфлажен костюм 5 мм с двойна хеланка', 2, 160.00, 27, 37),
	(102, 22, 'Epsealon латексов "стреч" марсилски колан', 2, 40.00, 48, 41),
	(103, 23, 'Epsealon латексов "стреч" марсилски колан', 1, 40.00, 48, 42),
	(104, 23, 'Esclapez Caranx Yamamoto 9мм', 11, 450.00, 25, NULL);
/*!40000 ALTER TABLE `ordered_products` ENABLE KEYS */;

-- Dumping structure for table shop.products
CREATE TABLE IF NOT EXISTS `products` (
  `id` int(11) NOT NULL AUTO_INCREMENT,
  `category_id` int(11) DEFAULT NULL,
  `name` varchar(255) COLLATE utf8_unicode_ci NOT NULL,
  `model` varchar(255) COLLATE utf8_unicode_ci DEFAULT NULL,
  `brand` varchar(255) COLLATE utf8_unicode_ci DEFAULT NULL,
  `length` int(11) DEFAULT NULL,
  `size` varchar(255) COLLATE utf8_unicode_ci DEFAULT NULL,
  `image` varchar(255) COLLATE utf8_unicode_ci NOT NULL,
  `description` longtext COLLATE utf8_unicode_ci NOT NULL,
  `quantity` int(11) NOT NULL,
  `price` decimal(10,2) NOT NULL,
  `promoPrice` decimal(10,2) DEFAULT NULL,
  `featured` tinyint(1) NOT NULL,
  PRIMARY KEY (`id`),
  KEY `IDX_B3BA5A5A12469DE2` (`category_id`),
  CONSTRAINT `FK_B3BA5A5A12469DE2` FOREIGN KEY (`category_id`) REFERENCES `categories` (`id`)
) ENGINE=InnoDB AUTO_INCREMENT=49 DEFAULT CHARSET=utf8 COLLATE=utf8_unicode_ci;

-- Dumping data for table shop.products: ~33 rows (approximately)
DELETE FROM `products`;
/*!40000 ALTER TABLE `products` DISABLE KEYS */;
INSERT INTO `products` (`id`, `category_id`, `name`, `model`, `brand`, `length`, `size`, `image`, `description`, `quantity`, `price`, `promoPrice`, `featured`) VALUES
	(16, 1, 'Харпун Apnea Rebel Open', 'Rebel Open', 'Apnea', 90, NULL, '5da8365004b3b3d1bae190c8070fce8c.jpeg', 'Харпунът Apnea Rebel Open е оборудван с отворена глава, което облекчава процеса на зареждане, особено при дългите харпуни, предоставя чиста мерна линия и прави изстрела по-безшумен. Харпунът е с тръба със стандартен диаметър 28мм., по цялата дължина на която е интегриран водач, придаващ на харпуна необходимата точност при изстрел. При късите модели до 90 см водачът е пластмасов, а при дългите е екструдиран на самата тръба. \r\nЕргономичната гумирана ръкохватка може лесно да бъде заменена със стандартна, което облекчава левичарите. Една от особеностите на дръжката на Apnea Rebel Open е възможността за регулиране на хода на спусъка, което е незаменим плюс при стрелба с ръкавици с различна дебелина. Дръжката е снабдена и с дълга пета за по-лесно зареждане. Реверсният (обратен) спусък предлага изключително тиха работа. Реверсната технология позволява около 10см допълнителна мощ при зареждане.\r\n\r\nСилата на изстрела се гарантира от два кръгли двукомпонентни ластика Primeline с диаметър 16мм. Жълъдът е шарнирен с пластмасови втулки. В комплекта влиза 6.3 мм. стрела от неръждаема стомана 17-4 PH със стандартни засечки. Стандартно харпунът се предлага с основа за макара тип "лястовича опашка".', 20, 200.00, NULL, 0),
	(17, 1, 'Rob Allen Tuna Railgun', 'Tuna Railgun', 'Rob Allen', 110, NULL, 'ccecea8a4a00bfae9f4086bd2f41fc1f.jpeg', 'Алуминиевите рейлгъни на Rob Allen са се доказали като най-здравите харпуни на пазара, способни да отнесат и най-грубото отношение. Интегрираният цял водач се подравнява със профила на спусъковия механизъм и главата. интегрираният водач е част от профила на тръбата, като по този начин се постига по-голяма здравина и се намалява камшичния ефект. Това прави тези харпуни убийствено точни. \r\n\r\nТръбата е изработена от алуминий с авиационни качества с дебелина на стената 1.45mm, а спусъковият механизъм е изработен от заздравена пластмаса. Харпунът е оборудван полу-отворена глава, и 7.5 mm стрела с две загладени засечки от неръждаема стомана 316.\r\n\r\nХарпуните Rob Allen Tuna Vecta Aluminium се предлагат в дължини 110cm и 120cm\r\n\r\nСнабдени са с два цели 16mm ластик и новата подобрена дръжка Vectа 2.', 10, 340.00, NULL, 1),
	(18, 1, 'Epsealon харпун EXIUM G2', 'EXIUM G2', 'Epsealon', 75, NULL, 'e3948633482edef2e88f0e4b733b149b.jpeg', 'Epsealon представя втората версия на ултра популярния си модел харпуни EXIUM, предлагащи изключителна маневреност благодарение на иновативната конструкция тип "биплан".\r\n\r\nХарактеристики:\r\n\r\nАлуминиево тяло от две овоидни тръби (патентована система), комбиниращо латерална хидродинамика с висока устойчивост на огъване при натоварване с ластици.\r\nЕргономична дръжка разработена с идеален ъгъл на ръкохватката спрямо оста на харпуна.\r\nДръжката и петата са покрити с противоплъзгащо термо-еластомерно покритие.\r\nРегулирането на чувствителността на спусъка и предпазителя са комбинирани в един лост.\r\nМногопрофилна глава G2 (патентована система).\r\nОтделяемо мостче за придържане на стрелата.\r\nЛастици: O 18 mm\r\nСтрела: O 6,0 mm', 30, 210.00, NULL, 1),
	(19, 1, 'Beuchat харпун Mundial Competition', 'Mundial Competition', 'Beuchat', 90, NULL, '735c67027fd0419db99068b7891b5cf1.jpeg', 'Mundial Competition може да бъде описан като високо ниво ластичен харпун за начинаещи.\r\n\r\nТехнически характеристики:\r\n\r\nАлуминиева тръба със стандартен диаметър 28mm\r\nДръжка Mundial\r\nТаитянска стрела 6.5mm със стандартни засечки\r\nЗатворена глава\r\nЧифт 16mm ластици\r\nШарнирен жълъд\r\nПлетена корда 2mm', 8, 400.00, 320.00, 1),
	(20, 1, 'Freesub Golden Horn Cabrio Brown Camo', 'Golden Horn Cabrio Brown Camo', 'Freesub', 90, NULL, '50688f3fdd97cdf36d11f176a0aaf048.jpeg', 'Харпунът Freesub Golden Horn Cabrio Brown Camo е разработен с мисълта за по-напредналите харпунджии, изискващи максимума от оръжието. \r\nЕкструдираният интегриран водач на стрелата предоставя максимална точност на изстрела. Конструкцията на водача допринася и за увеличаване на здравината на 28-милиметровото тяло като отстранява възможността за огъването му при натоварване с мощни ластици и елиминира ефекта на вибриране на стрелата при изстрел. \r\nТози харпун се предлага с 6.5мм Sandvik стрела от неръждаема стомана с пинове тип "бодил на роза" и 20мм ластик Dunlop с дайнима жълъд на метални втулки. Дръжката предлага изключително тих патентован метален реверсен спусъков механизъм, интуитивен предпазител и гумирана ръкохватка за по-добър захват.  \r\nХарпунът е изцяло камуфлиран в кафяво и перфектно се слива с околната среда при подводен риболов от засада.\r\n\r\nТехнически характеристики:\r\n\r\n    Уникален кафяв камуфлаж\r\n    28mm алуминиево тяло с екструдиран цял водач;\r\n    5-степенно уплътняване на тялото\r\n    Ергономична дръжка от усилено фибростъкло 6.6мм\r\n    Ръкохватка от специален суров материал за предпазване от приплъзване\r\n    Отворена глава усилено фибростъкло 6.6мм\r\n    20mm цял ластик Dunlop\r\n    Dyneema жълъд с хромирани втулки\r\n    Патентован тих двукомпонентен реверсен спусъков механизъм\r\n    Стрела Sandvik 6.50мм, неръждаема стомана" пинове тип "бодил на роза"\r\n    1.2mm монофил и кримпове\r\n    Амортисьор за линията', 10, 380.00, 300.00, 1),
	(21, 1, 'Beuchat ролер харпун Marlin Carbone Revo-Concept', 'Marlin Carbone Revo-Concept', 'Beuchat', 95, NULL, '18e5a8b33512cedd4b814c0d300cb244.jpeg', 'Ролерът Beuchat Marlin Carbone Revo-Concept предлага патентованата от Beuchat иновация включваща ролер дизайн на главата и система от ластици с обиране от долната страна на тялото. Тази система осигурява водене на ластика по цялото протежение на тялото на харпуна за подобряване на точността и повишаване на общата мощност на изстрела. По този начин се постига значително по-висока скорост на стрелата. Тази концепция значително намалява и отката в момента на изстрела.\r\nКарбоновата версия комбинира изключителната производителност на Revo Concept с лекотата и здравината на карбоновото тяло.\r\n\r\nТехнически характеристики:\r\n\r\nКарбоново тяло с интегриран цял водач за повишаване на точността\r\nДръжка Marlin с основа за монтаж на макара и възможност за обръщане на куката за освобождаване на линията за левичари\r\nРолки REVO CONCEPT на съчмени лагери с бърза QRS система за захващане на стрелата и титаниеви обтекатели\r\nМного здрава 7мм стрела SUPER STEEL с пръстен и контра Off Shore\r\nСистема от 17mm ластици MEGATONE със Spectra® линия\r\nЧерен монофил 1.6mm\r\nЧервен силиконов амортисьор Offshore\r\nСкорост на стрелата при главата: 42 м/сек.', 5, 840.00, NULL, 1),
	(22, 1, 'EPSEALON ЛАСТИЧЕН ХАРПУН COBRA CARBON', 'COBRA Carbon', 'Epsealon', 85, NULL, 'ce1864413c3b5253dc809448313a18aa.jpeg', 'Пригответе се за нещо уникално. Трябва да видите този харпун за да се убедите в това, какво красиво оръжие е новият Epsealon COBRA Carbon.\r\n\r\n\r\n\r\n\r\nКакто и при новия Spartan, моноблок тялото на харпуна е изработено от 100% 3K карбон с диаметър 30mm, дебелина на стената 2mm, предоставящо 200gr/m? и интегриран цял водач. Това тяло обаче предлага две секции тип-сепия, които може да видите само в най-високия клас харпуни ръчна изработка. Това придава на тялото несравнима маневреност и стабилност без откат. Перфектното позициониране на ластиците също допринася за повишаване на точността на изстрела.Петата е интегрирана със спусъка, изработен изцяло от неръждаема стомана 316L. Харпунът включва в комплекта и 30m стоманена Echo макара.\r\n\r\nТяло от 100% Carbon 3K с диаметър 30мм. и дебелина на стената 2mm, 200gr/m?, с интегриран цял водач;\r\nХидродинамична форма с две секции с форма на сепия за несравнима маневреност и стабилност;\r\nАрхитектура с повишена здравина за по-малко огъване, за да се елиминира влиянието на изкривяването на тялото и да се запази точността;\r\nСпусъковият механизъм е изцяло изработен от неръждаема стомана 316L и е едно цяло с петата за зареждане;\r\nЕргономичната и здрава дръжка е с наклон, който дава перфектна чиста мерна линия към целта;\r\nГлавата е отворена, с подвижно мостче и два отвора за бързи кръгли ластици;\r\nГлавата и дръжката са изработени от Nylon 6, подсилен с 30% фирбостъкло за повече здравина;\r\nХарпунът идва със Sandvik стоманена стрела 6.5 мм с мини шарк-финки;\r\nДва ластика Primeline FireStorm 16mm с дайнема жълъди;\r\nХарпунът се предлага стандартно с 30m стоманена Echo макара бънджи, монофилна линия и кримпи.', 10, 310.00, NULL, 0),
	(23, 10, 'SEAC пневматичен харпун ASSO с регулиране', 'ASSO', 'SEAC', 80, NULL, 'ef82bf6a78f99a49d351d9555b0bd7f4.jpeg', 'Пневматичният харпун Asso е един от най-популярните модели на харпунджийския пазар днес. Тази модификация предлага бърз регулатор на мощността, което ви дава възможност за моментално намаляване на мощността на изстрела с 50%. Това превръща ASSO в многопрофилен харпун, адаптиращ се към различните стилове и техники на подводен риболов.\r\n\r\n• Тяло: алуминиев цилиндър с диаметър 40 mm. \r\n• Глава: глава от лека сплав с по-голееми отвори за оптимизиране на изхвърлянето на водата. \r\n• Дръжка: eергтономична и функционална от един материал.\r\n• Камера: диаметърът 13 mm позволява използване на 8 mm стрели. \r\n• Характеристики: Регулатор на мощността до 50%. Широка гама дължини.\r\n• В комплекта: харпун, стрела, инжектор, помпа, ръкохватка за зареждане, въже.', 6, 420.00, NULL, 0),
	(24, 13, 'Костюм Freesub Hunter 7мм Seal Green', 'Freesub', 'Freesub', NULL, 'S/M/L/XL/XXL', '2be378ea294c4b5bbfe0d7ac6bbd80ea.jpeg', 'Неопреновият костюм за подводен риболов Freesub Hunter е произведен от 100% CR (Chloroprene Rubber) неопренов материал. Костюмът предлага комбинация от риза и панталон с висока талия с анатомична кройка, което позволява леко и незатруднено раздишване.\r\n\r\nКостюмът е гол от вътрешната страна (Open cell), а от външната е защитен с камуфлажно жарсе. анатомичната кройка на врата предлага допълнителен комфорт. Както лактите, така и колената са защитени от протектори подсилени с шевове. Същото се отнася и за подложката за зареждане.\r\n\r\nКостюмът за подводен риболов Freesub Hunter предлага най-доброто съотношение цена/качество на пазара.  \r\n\r\n\r\n    100% CR Neoprene (Nam Liong, Taiwan)\r\n    Opencell отвътре, жарсе отвън\r\n    Комбинация риза с боне и панталон с висока талия\r\n    Анатомична кройка\r\n    Анатомична кройка на врата\r\n    Подсилена с шев подложка за зареждане\r\n    Подсилени с шев налакътники и наколенки\r\n    Всички части са подлепени и подшити', 20, 400.00, NULL, 0),
	(25, 13, 'Esclapez Caranx Yamamoto 9мм', 'Caranx Yamamoto', 'Esclapez', NULL, 'S/M/L/XL/XXL', '17d9fa71d06ee5a09096e1958f37dfc1.jpeg', 'Костюмът Esclapez Diving Caranx 9мм е изработен от неопрен Yamamoto 039 и е подходящ за подводен риболов в много студена вода.?\r\n\r\nКостюмът предлага:\r\n\r\nИзключително качество на изработката, присъщо на марката;\r\nНевероятна еластичност, благодарение на неопрена Yamamoto 039?;\r\nOpen cell отвътре / черна хеланка отвън;\r\nHigh pant панталон;\r\nПредварително разкроени лакти и колена;\r\nSCS маншети на лактите и глезените;\r\nПротектори на коленете от полиуретан;\r\nЛята подложка на гърдите от 5мм неопрен, покрита с «mesh» материал против приплъзване;\r\nЛикра подшиване на трапеца.\r\nИзключително достъпна цена за костюм от този материал.', 9, 540.00, 450.00, 0),
	(26, 13, 'Костюм Freesub Hunter Black 9мм', 'Hunter Black', 'Freesub', NULL, 'S/M/L/XL', '851c1e93f390f8897aa84a29a643311f.jpeg', 'Неопреновият костюм за подводен риболов Freesub Hunter е произведен от 100% CR (Chloroprene Rubber) неопренов материал. Костюмът предлага комбинация от риза и панталон с висока талия с анатомична кройка, което позволява леко и незатруднено раздишване.\r\n\r\nКостюмът е гол от вътрешната страна (Open cell), а от външната е защитен с черно жарсе. анатомичната кройка на врата предлага допълнителен комфорт. Както лактите, така и колената са защитени от протектори подсилени с шевове. Същото се отнася и за подложката за зареждане.\r\n\r\nКостюмът за подводен риболов Freesub Hunter предлага най-доброто съотношение цена/качество на пазара и е изключително подходящ и за професионални водолази, което изискват повече комфорт при работа в студена вода.\r\n\r\n\r\n    100% CR Neoprene (Nam Liong, Taiwan)\r\n    Opencell отвътре, жарсе отвън\r\n    Комбинация риза с боне и панталон с висока талия\r\n    Анатомична кройка\r\n    Анатомична кройка на врата\r\n    Подсилена с шев подложка за зареждане\r\n    Подсилени с шев налакътники и наколенки\r\n    Всички части са подлепени и подшити', 30, 380.00, NULL, 0),
	(27, 13, 'Best Hunter камуфлажен костюм 5 мм с двойна хеланка', '-', 'Best Hunter', NULL, 'S/M', '279ae7f5a5f750e53ba4aeeae4c622b6.jpeg', 'Камуфлажен костюм за подводен риболов с двойна хеланка и дебелина 5 или 3 мм. Костюмът е от две части - риза с боне и подложка за зареждане на харпуна и панталони Long John. Перфектната камуфлажна шарка позволява на гмуркача да се слее с дъното на почти всяка локация. Този тип костюми е много подходящ за   начинаещи гмуркаци, тъй като хеланката от вътрешната страна позволява костюмът да бъде лесно обличан и събличан на сухо или в лодката.', 17, 220.00, 160.00, 1),
	(28, 13, 'Epsealon Red Fusion 5mm Yamamoto® 039', 'Red Fusion', 'Epsealon', NULL, 'S/M/L/XL/XXL', '85944989325b8f5e67d372e9d84ba357.jpeg', 'Новият Fusion комбинира най-доброто откъм материали и изработка. Сърцето на костюма е от супер еластичния Yamamoto® 039 неопрен с високо устойчива Spandex 019 хеланка в тъмни червени камуфлажни тонове. Кройката е ергономична с предварително разкроени крачоли и ръкави. Маншетите на лактите, глезените и качулката са обработени със Super Composite Skin осигуряващ максимален комфорт и водонепроницаемост. Подложката за зареждане и протекторите са PowerTex, а опашката и долната част на ризата са с двустранна двойно подшита хеланка.\r\n\r\nНеопренов материал: Yamamoto® 039\r\nВисоко устойчива тъмна червена камуфлаажна Spandex 019 хеланка / open cell отвътре\r\nЕргономична кройка с прекроени ръкави и крачоли\r\nМаншети и качулка с SCS покритие\r\nЗащита на коленете тип PowerTex\r\nПодложка от 5mm неопрен защитена с покритие тип PowerTex\r\nОпашката и долната част на ризата са с двойна хеланка', 10, 440.00, NULL, 0),
	(29, 13, 'Epsealon Green Fusion 5mm Yamamoto® 039', 'Green Fusion', 'Epsealon', NULL, 'S/M/L/XL/XXL', '49f99d4b341374bdd197db5cfba2e872.jpeg', 'Новият Fusion комбинира най-доброто откъм материали и изработка. Сърцето на костюма е от супер еластичния Yamamoto® 039 неопрен с високо устойчива Spandex 019 хеланка в тъмни червени камуфлажни тонове. Кройката е ергономична с предварително разкроени крачоли и ръкави. Маншетите на лактите, глезените и качулката са обработени със Super Composite Skin осигуряващ максимален комфорт и водонепроницаемост. Подложката за зареждане и протекторите са PowerTex, а опашката и долната част на ризата са с двустранна двойно подшита хеланка.\r\n\r\nНеопренов материал: Yamamoto® 039\r\nВисоко устойчива тъмна червена камуфлаажна Spandex 019 хеланка / open cell отвътре\r\nЕргономична кройка с прекроени ръкави и крачоли\r\nМаншети и качулка с SCS покритие\r\nЗащита на коленете тип PowerTex\r\nПодложка от 5mm неопрен защитена с покритие тип PowerTex\r\nОпашката и долната част на ризата са с двойна хеланка', 10, 440.00, NULL, 0),
	(30, 11, 'Маска Epsealon E-visio2 Flash', 'E-visio2 Flash', 'Epsealon', NULL, NULL, '9730e8330b6c9f8522c92e8030cb36a9.jpeg', 'Изключително лека многопрофилна маска със среден обем, препоръчвана за както за леководолази, така и за подводен риболов и фридайвинг.\r\n\r\nСистема "Flash Lenses";\r\nЕфект на жълти слънчеви очила отвътре, което подобрява контраста и различаването на обектите;\r\nСин огледален ефект отвън;\r\nМаншон от черен хипоалергенен силикон;\r\nКомпозитна поликарбонатна рамка;\r\nВъртящи се катарами за бързо регулиране дори и с дебели ръкавици.\r\nПоради скорошната смяна на името на производителя, някои продукти все още може да носят логото Esclapez Diving!', 20, 75.00, NULL, 0),
	(31, 11, 'Rob Allen маска Snapper', 'Snapper', 'Rob Allen', NULL, NULL, 'e77111fe187d7f189026eab6a5b01921.jpeg', 'Маската Rob Allen Snapper е създадена специално за подводен риболов. Полата е изработена от изключително мек и комфортен силикон с нисък профил, което поставя Snapper в категорията на малообемните маски. Тази маска предлага изключително добро периферно виждане, което е от основно значение при рифов риболов, когато главата не бива да се върти.\r\n\r\nКомбинацията между нисък профил и подобрено виждане правят Snaper една от най-предпочитаните маски в света.', 50, 70.00, NULL, 0),
	(32, 11, 'Fluyd маска GOBLIN White', 'GOBLIN', 'Salvimar', NULL, NULL, 'b558602c076ce14eb0aeff53f09fd05a.jpeg', 'Fluyd GOBLIN е маска с две лещи от темперирано. Маншонът и каишката са изработени от последно поколение силикон. Това е маска с много малък обем и широк зрителен ъгъл. Изключително удобна с микрометрична настройка на катарамите. \r\nТази маска е идеална за дълбочинна апнеа, свободно гмуркане и гмуркане с бутилки.\r\n\r\nСпецификации:\r\n\r\nДве лещи от темперирано стъкло\r\nМаншон и каишка от последно поколение силикон\r\nМного малък обем и широко зрително поле.\r\nМикрометрична настройка на катарамите.\r\nПластмасова кутия.', 40, 65.00, NULL, 0),
	(33, 11, 'Epsealon Sea Wolf Red Flash', 'Sea Wolf Red Flash', 'Epsealon', NULL, NULL, 'ce6573df14f9906830b546ccdd8492c6.jpeg', 'Epsealon SeaWolf е многопрофилна маска с изключително малък обем и мека полипропиленова рамка около стъклата, която следва контура на лицето. Версията Red Flash предлага червени огледални лещи,които помагат за скриване на очите на ловеца.\r\n\r\nМека и удобна пола от хипоарергенен черен силикон; \r\nКатарами за бързо регулиране дори и с дебели ръкавици;\r\nМека излята върху стъклата полипропиленова рамка; \r\nОптимално зрително поле;\r\nОгледални лещи RedFlash', 50, 70.00, NULL, 0),
	(34, 11, 'Beuchat маска MAXLUX S', 'MAXLUX S', 'Beuchat', NULL, NULL, 'c09dfb8981c135a3bfc75523d7d4bfe7.jpeg', 'Beuchat MAXLUX S e безрамкова (frameless) маска с едно темперирано стъкло. Както предполага самото име на модела, MAXLUX S е с изключително широко зрително поле. Това, което допълнително ще привлече подводните риболовци и фридайвърите е много ниският обем - едва 127 см3 - което е с още 10 cm3 по-малко от оригиналния модел MAXLUX. В резултат на опита на DiverStore можем да потвърдим, че този модел е подходящ за нормални или тесни лица. Дайвъри с по-широки лица би следвало да имат предвид по-големия модел - MAXLUX.\r\n\r\nТехнически характеристики:\r\n\r\nПо-компактен дизайн подходящ за нормални и по-тесни лица.\r\nНесравнимо широко зрително поле\r\nСпецифичният дизайн значително редуцира вътрешния обем (127cm3), предлагайки панорамно зрително поле с по-открита видимост нагоре и висока осветеност\r\nБезрамкова, с маншон излят директно върху лещата\r\nНамален обем и тегло, с по-добро прилепване и повишена здравина\r\nВисоко ниво на комфорт благодарение на катарамите с микрометрично регулиране, разположени върху маншона от хипоалергенен силикон', 30, 90.00, NULL, 0),
	(35, 11, 'Mares маска Sealhouette', 'Sealhouette', 'Mares', NULL, NULL, 'e5ff1bffbfe1dccf06f16aec55c7bbb2.jpeg', 'Тази лека силиконова маска, предлагана в черен и камуфлажен вариант, притежава широко зрително поле и е перфектна за активните подводни риболовци. \r\n\r\nБи-маска\r\nСиликонова пола\r\nНамалено отстояние на лещите от очите\r\nМного широко зрително поле\r\nУлекотена\r\nСиликонови катарами Soft touch\r\nКатарами разположени на самата пола\r\nТегло: 161 g\r\nОбем: Намален\r\nРазмер: Стандартен', 30, 80.00, NULL, 0),
	(36, 11, 'Mares маска Star LiquidSkin', 'Mares маска Star LiquidSkin', 'Mares', NULL, NULL, '718ca78bb90400242a557c8a56b1738b.jpeg', 'Bi-силиконова пола и каишка, ексклузивен патент на Mares Liquidskin ®\r\nМинимален вътрешен обем\r\nНамалено отстояние на лещата от очите\r\nРазширено зрително поле\r\nНископрофилни катарами, разположени директно на полата\r\nТегло: 149 g\r\nОбем: минимален\r\nТемперирана леща: да\r\nРазмен: стандартен\r\n\r\nLiquidskin\r\nПатентована технология. Ексклузивната Bi-Silicone технология използва два различни вида силикон: по-плътен за основната структура и по-мек за зоните на контакт с лицето. Последната е с 45% по-мека, за несравним комфорт и 270% по-еластична - за перфектно прилягане.', 30, 75.00, NULL, 0),
	(37, 11, 'Mares маска Star Elite', 'Mares маска Star Elite', 'Mares', NULL, NULL, '3160054ce4765df738d51b6c39d5fb5d.jpeg', 'Маската Star Elite е създадена специално за подводен риболов и фридайвинг за по-добро зрително поле, в комбинация с малък обем. Предлага силиконова пола и огледални лещи, което помага за прикриване на очите и помага да не бъде изплашена рибата. \r\n\r\nАнти-рефлексно покритие на лещите (огледална)\r\nМинимален вътрешен обем\r\nНамалено отстояние на лещите от очите\r\nРазширено зрително поле\r\nНископрофилни катарами, закрепени директно на полата\r\nТегло: 145 g\r\nОбем: Минимален\r\nРазмер: Стандартен', 30, 75.00, NULL, 0),
	(38, 11, 'Rob Allen маска GT Frameless', 'GT Frameless', 'Rob Allen', NULL, NULL, '8ea12fed199cf12ebc2448f371aef26e.jpeg', 'Цялата леща на маската Rob Allen GT Frameless е интегрирана в ултра-меката силиконова пола, като по този начин предоставя изключително широка латерална видимост. Тази маска е идеална за подводен риболов и фридайвинг, където зрителният ъгъл встрани е изключително важен фактор. Меката пола и липсата на рамка превят тази маска изключително удобна, като същевременно осигуряват и много малък обем.', 19, 95.00, NULL, 0),
	(39, 18, 'Epsealon плавници Magnum Power Max', 'Magnum Power Max', 'Epsealon', 88, '44-48', '30ca5bb1af0da1bc26c43a4e23b70611.jpeg', 'Плавници за подводен риболов и свободно гмуркане със сменяемо твърдо перо и нов дизайн на пантофа.\r\n\r\nMagnum използва технологията на Esclapez Diving за изхвърляне на ламинарния поток и механичните флуиди. Перото е по-твърдо от версията Magnum и позволява по-дълбоко гмуркане. Профилът на ребрата е разработен за подобряване на хидродинамичността. Ребрата са допълнително подсилени за увеличаване живота и здравината на плавника. Перата са изработени от технополимер и са мощни, гъвкави и практически - нечупливи. Перото е закрепено към пантофа посредством 3 болта от неръждаема стомана.  \r\n\r\nТехнически спецификации:\r\n\r\nДължина на перото: 77 cm (30")\r\nОбща дължина на плавника: 88 cm (35")\r\nТегло: 2.3kg (5 lbs)\r\nЦвят: черно и тъмно сиво.', 20, 300.00, NULL, 0),
	(40, 18, 'Rob Allen плавници Scorpia', 'Scorpia', 'Rob Allen', 88, '42-46', '66398d56bde6f457da18d6472d689863.jpeg', 'Плавниците на Rob Allen се отличават с изключителна здравина, и подобно на харпуните на марката, са истински "работни коне". Пластмасовото перо е със средна гъвкавост, което ги прави подходящи за риболов до средни дълбочини, включително и за начинаещи гмуркачи. Камуфлажната шарка е изключително подходяща за риболов на кефалови в тревните полета на Черно море. Пантофът е голям и удобен и пасва включително и на широки стъпала. \r\n\r\nЕдин от най-добре прилягащите и здрави плавници за подводен риболов и свободно гмуркане\r\nЛят гумен пантоф, специално разработен да предотвратява прекомерното прегъване\r\nИзключително предаване на енергията на крака към перото\r\nСпециално омекотено пластмасово перо с канали за оптимално обтичане', 20, 380.00, NULL, 0),
	(41, 18, 'Captain Nemo PowerFins', 'PowerFins', 'Beuchat', 75, '42-48', '91ceeed87bea2dfde096ed2e4cc79f2e.jpeg', 'Направени от модерни композитни материали Captain Nemo PowerFins предоставят несравнима мощ, трайност и сила. \r\n\r\nКомпозитните материали промениха технологията за производство на плавници. Тези модерни материали са издръжливи на удар и са изключително еластични с отлична издръжливост срещу надраскване, превъзходно предаване на енергията и несравнима трайност.\r\n\r\nТвърдост:\r\n0 = 2.5 kg (мек)\r\n1 = 3 kg\r\n2 = 3.5 kg \r\n3 = 4 kg \r\n4 = 4.5 kg \r\n5 = 5 kg (твърд)', 20, 260.00, NULL, 0),
	(42, 19, 'BestDivers надуваем планшет BestHunter OKIPA 3', 'BestHunter OKIPA 3', 'BestDivers', NULL, NULL, '907c0d41e6afe76f629897d27e975918.jpeg', 'Надуваемият планшет за подводен риболов OKIPA 3 е проектиран, произведен и тестван изключително във фабриката на BestDivers в Италия.\r\n\r\nПланшетът дава възможност на харпуниста да почива или да преплува големи дистанции, като поддържа горната част на тялото му над водата. Този дизайн предоставя несравнимо по-високо ниво на безопасност спрямо традиционните харпунджийски буйове и позволява да носите всички необходими аксесоари.\r\n\r\nНовата версия на този много популярен планшет е по-здрава, но и по-лека от предшествениците си. При тегло едва 2.5 кг. планшетът е изработен от изключително здрав PVC материал. С три независими камери и двоен PVC калъф, този планшет е практически неразрушим, освен ако наистина не се постараете да го убиете. \r\nКонструкцията позволява носене на два харпуна здраво закрепени към страничните бордове чрез силиконови пръстени. Предният товарен отсек побира всички харпунджийски аксесоари здраво пристегнати с бънджи мрежа.\r\n\r\nХАРАКТЕРИСТИКИ:\r\n\r\nДвоен дизайн и високо резистентно PVC покритие.\r\nВътрешни камери: 3\r\nПомпа за надуване\r\nРазмери: 90x62x16 cm\r\nФлаг: мачта 40 cm, флагче 20x30 cm\r\nБънджи мрежа\r\nДве закачалки за харпуни със силиконови пръстени\r\nПрезрамки за носене се предлагат отделно\r\nТегло: 2,5 kg', 10, 520.00, NULL, 0),
	(43, 19, 'Best Divers OASI плосък двоен буй за подводен риболов', 'OASI', 'BestDivers', NULL, NULL, 'b9bf843b1a81a8e3f598c78766e4f4e7.jpeg', 'Изключително здрав плосък буй за подводен риболов с два отделни надуваеми балона и мрежесто дъно. Този буй може да носи до пет харпуна и разполага с възможност за носене и на резервни стрели. Основният принос за безопасността са двата отделни надуваеми балона и изключително здравото външно покритие. Дори когато единият от двата балона се спука, другият ще задържи екипировката ви на повърхността. Мачтата е висока 40 см. и предоставя изключителна видимост на голямото 20 х 30 см флагче. Джобовете могат да поберат много аксесоари, а мрежестото дъно позволява бързо източване на водата и съхнене.  \r\n\r\nОсновни характеристики\r\n\r\nТип: Плосък \r\nБалони: Два отделни балона\r\nКалъф: високо устойчиво PVC\r\nДъно: мрежесто дъно за бърз дренаж\r\nКапацитет: до пет харпуна и стрели\r\nДжобове: многопрофилни джобове и еластични държачи\r\nФлаг: 40 см. мачта и 20 x 30 см. флаг\r\nРазмер: 90 x 30 x 15 см\r\nЛиния: 20 м.\r\nЦвят: оранжев с висока видимост', 10, 340.00, NULL, 0),
	(44, 19, 'SEAC жълт торпедо буй с калъф', 'жълт торпедо буй', 'SEAC', NULL, NULL, 'd6a732ca79333026ee0edf06b5725937.jpeg', 'Буй тип торпедо за подводен риболов. Вътрешен балон в здрав ярко жълт PVC калъф. \r\nЖълтият цвят на буя е задължителен при поводен риболов в Гърция!', 30, 60.00, NULL, 0),
	(45, 19, 'Epsealon кръгъл буй с вътрешен балон', 'кръгъл буй', 'Epsealon', NULL, NULL, 'f91444c73a44cd673736e4d365fd104a.jpeg', 'Epsealon PVC кръгъл буй с вътрешен балон, флаг и 17 м. въже.\r\nПодходящ както за подводни риболовци, така и за водолази.', 19, 30.00, NULL, 1),
	(46, 14, 'Epsealon ръкавици Red Fusion PowerTex 3mm Yamamoto® 039', 'Red Fusion PowerTex', 'Epsealon', NULL, 'S/M/L', '12023a1cf6407955c2a6ee8fcf6be2f5.jpeg', 'Ръкавици за подводен риболов, изработени от изключително мекия 3 мм. неопрен Yamamoto® 039, осигуряващ много удобно прилягане и повишена термална защита. \r\n\r\nХеланка Red Fusion Camo Spandex 019;\r\nPowerTex покритие на дланта;\r\nВисока устойчивост на разкъсване и пробиване.', 40, 45.00, NULL, 0),
	(47, 15, 'Epsealon TITAN Camo 5mm Yamamoto 019 неопренови чорапи', 'TITAN Camo', 'Epsealon', NULL, '40-48', '77595dd8a9e27e465abca6990a35f4ad.jpeg', 'Неопренови чорапи изработени от Yamamoto 019 неопрен и с хеланка от ликра.\r\n\r\n     Неопрен Yamamoto 019 с хеланка от ликра;\r\n     Външна подметка покрита с мек релефен EDS *\r\n     Високо устойчиви на порязвания и ожулвания;\r\n     EDS * покритие на пети и пръсти за плътност и дълъг живот.\r\n*EDS= Epsealon Diving Supraskin.', 38, 60.00, NULL, 0),
	(48, 17, 'Epsealon латексов "стреч" марсилски колан', '"Марсилски"', 'Epsealon', NULL, NULL, '972da97e79d13c128f44ca044336ecf6.jpeg', 'Колан за тежести тип "Марсилски" от изключително разтеглива гума;\r\nТекстуриран ремък за по-добра поддръжка на тежестите;\r\n"Марсилска" тока от неръждаема стомана.', 25, 50.00, 40.00, 0);
/*!40000 ALTER TABLE `products` ENABLE KEYS */;

-- Dumping structure for table shop.roles
CREATE TABLE IF NOT EXISTS `roles` (
  `id` int(11) NOT NULL AUTO_INCREMENT,
  `name` varchar(255) COLLATE utf8_unicode_ci NOT NULL,
  PRIMARY KEY (`id`),
  UNIQUE KEY `UNIQ_B63E2EC75E237E06` (`name`)
) ENGINE=InnoDB AUTO_INCREMENT=3 DEFAULT CHARSET=utf8 COLLATE=utf8_unicode_ci;

-- Dumping data for table shop.roles: ~2 rows (approximately)
DELETE FROM `roles`;
/*!40000 ALTER TABLE `roles` DISABLE KEYS */;
INSERT INTO `roles` (`id`, `name`) VALUES
	(2, 'ROLE_ADMIN'),
	(1, 'ROLE_REGISTERED');
/*!40000 ALTER TABLE `roles` ENABLE KEYS */;

-- Dumping structure for table shop.users
CREATE TABLE IF NOT EXISTS `users` (
  `id` int(11) NOT NULL AUTO_INCREMENT,
  `cart_id` int(11) DEFAULT NULL,
  `email` varchar(255) COLLATE utf8_unicode_ci NOT NULL,
  `firstName` varchar(255) COLLATE utf8_unicode_ci NOT NULL,
  `lastName` varchar(255) COLLATE utf8_unicode_ci NOT NULL,
  `password` varchar(255) COLLATE utf8_unicode_ci NOT NULL,
  `address` varchar(255) COLLATE utf8_unicode_ci NOT NULL,
  `phone` varchar(255) COLLATE utf8_unicode_ci NOT NULL,
  `wallet` decimal(10,2) DEFAULT NULL,
  PRIMARY KEY (`id`),
  UNIQUE KEY `UNIQ_1483A5E9E7927C74` (`email`),
  UNIQUE KEY `UNIQ_1483A5E91AD5CDBF` (`cart_id`),
  CONSTRAINT `FK_1483A5E91AD5CDBF` FOREIGN KEY (`cart_id`) REFERENCES `carts` (`id`) ON DELETE CASCADE
) ENGINE=InnoDB AUTO_INCREMENT=24 DEFAULT CHARSET=utf8 COLLATE=utf8_unicode_ci;

-- Dumping data for table shop.users: ~4 rows (approximately)
DELETE FROM `users`;
/*!40000 ALTER TABLE `users` DISABLE KEYS */;
INSERT INTO `users` (`id`, `cart_id`, `email`, `firstName`, `lastName`, `password`, `address`, `phone`, `wallet`) VALUES
	(1, 1, 'admin@abv.bg', 'Admin', 'Adminov', '$2y$13$kjMot8qMJ4fNEPWRbkXhRuSjA2/Hrf/uvbCWVlA64d/b7VfA37EDi', 'Sofia, home', '', 10.00),
	(2, 2, 'k@abv.bg', 'kkk bbb', 'kkk', '$2y$13$8yrUi5rU9ptzKiR5w3FQCeI08Db759FZgqQYfMWDYYh10oKZgBXqm', 'Home', '', 1640.00),
	(22, 22, 'test@abv.bg', 'kkk', 'kkk', '$2y$13$qCeBFvVgXOVxA3czfVnrmOPNebBEFIdvErV9BYBgAOfNC8h0EPNHG', '5555', '5555555555', 1920.00),
	(23, 23, 'kkk@abv.bg', 'kkk', 'kkk', '$2y$13$GBdfb9ZB.jzLH49MkxoLfee/bDb6Qc55l/8vlnX.sgMAe.ml//m0i', '5555', '5555555555', 1960.00);
/*!40000 ALTER TABLE `users` ENABLE KEYS */;

-- Dumping structure for table shop.users_roles
CREATE TABLE IF NOT EXISTS `users_roles` (
  `user_id` int(11) NOT NULL,
  `role_id` int(11) NOT NULL,
  PRIMARY KEY (`user_id`,`role_id`),
  KEY `IDX_51498A8EA76ED395` (`user_id`),
  KEY `IDX_51498A8ED60322AC` (`role_id`),
  CONSTRAINT `FK_51498A8EA76ED395` FOREIGN KEY (`user_id`) REFERENCES `users` (`id`) ON DELETE CASCADE,
  CONSTRAINT `FK_51498A8ED60322AC` FOREIGN KEY (`role_id`) REFERENCES `roles` (`id`) ON DELETE CASCADE
) ENGINE=InnoDB DEFAULT CHARSET=utf8 COLLATE=utf8_unicode_ci;

-- Dumping data for table shop.users_roles: ~7 rows (approximately)
DELETE FROM `users_roles`;
/*!40000 ALTER TABLE `users_roles` DISABLE KEYS */;
INSERT INTO `users_roles` (`user_id`, `role_id`) VALUES
	(1, 1),
	(1, 2),
	(2, 1),
	(2, 2),
	(22, 1),
	(23, 1),
	(23, 2);
/*!40000 ALTER TABLE `users_roles` ENABLE KEYS */;

-- Dumping structure for table shop.user_orders
CREATE TABLE IF NOT EXISTS `user_orders` (
  `id` int(11) NOT NULL AUTO_INCREMENT,
  `user_id` int(11) DEFAULT NULL,
  `date_ordered` datetime NOT NULL,
  PRIMARY KEY (`id`),
  KEY `IDX_807DE6D3A76ED395` (`user_id`),
  CONSTRAINT `FK_807DE6D3A76ED395` FOREIGN KEY (`user_id`) REFERENCES `users` (`id`) ON DELETE CASCADE
) ENGINE=InnoDB AUTO_INCREMENT=43 DEFAULT CHARSET=utf8 COLLATE=utf8_unicode_ci;

-- Dumping data for table shop.user_orders: ~25 rows (approximately)
DELETE FROM `user_orders`;
/*!40000 ALTER TABLE `user_orders` DISABLE KEYS */;
INSERT INTO `user_orders` (`id`, `user_id`, `date_ordered`) VALUES
	(10, 2, '2019-01-01 13:51:01'),
	(11, 2, '2019-01-01 13:56:31'),
	(12, 2, '2019-01-01 13:57:53'),
	(13, 2, '2019-01-01 13:59:55'),
	(14, 2, '2019-01-01 14:04:19'),
	(15, 2, '2019-01-01 14:06:01'),
	(16, 2, '2019-01-01 14:08:40'),
	(17, 2, '2019-01-01 14:13:26'),
	(18, 2, '2019-01-01 14:28:40'),
	(19, 2, '2019-01-01 14:29:27'),
	(20, 2, '2019-01-01 14:29:56'),
	(21, 2, '2019-01-01 14:41:56'),
	(22, 2, '2019-01-03 21:26:24'),
	(23, 1, '2019-01-05 08:02:16'),
	(26, 1, '2019-01-05 17:51:44'),
	(27, 2, '2019-01-05 22:16:21'),
	(28, 2, '2019-01-06 09:34:32'),
	(29, 2, '2019-01-06 09:41:54'),
	(30, 2, '2019-01-06 09:42:53'),
	(31, 2, '2019-01-06 09:43:09'),
	(32, 2, '2019-01-06 21:48:03'),
	(35, 2, '2019-01-07 21:34:52'),
	(36, 2, '2019-01-07 21:53:07'),
	(37, 2, '2019-01-08 19:20:36'),
	(41, 22, '2019-01-10 09:17:47'),
	(42, 23, '2019-01-10 11:10:20');
/*!40000 ALTER TABLE `user_orders` ENABLE KEYS */;

/*!40101 SET SQL_MODE=IFNULL(@OLD_SQL_MODE, '') */;
/*!40014 SET FOREIGN_KEY_CHECKS=IF(@OLD_FOREIGN_KEY_CHECKS IS NULL, 1, @OLD_FOREIGN_KEY_CHECKS) */;
/*!40101 SET CHARACTER_SET_CLIENT=@OLD_CHARACTER_SET_CLIENT */;
